# Unicode emoji 18.0, fully-qualified, no skin-tone or hair variants.
# Generated by scripts/generate_emoji_catalog.py from emoji-test.txt; do not edit.
笑脸	😀
笑脸	😃
笑脸	😄
笑脸	😁
笑脸	😆
笑脸	😅
笑脸	🤣
笑脸	😂
笑脸	🙂
笑脸	🙃
笑脸	🫠
笑脸	🫫
笑脸	😉
笑脸	😊
笑脸	😇
笑脸	🥰
笑脸	😍
笑脸	🤩
笑脸	😘
笑脸	😗
笑脸	☺️
笑脸	😚
笑脸	😙
笑脸	🥲
笑脸	😋
笑脸	😛
笑脸	😜
笑脸	🤪
笑脸	😝
笑脸	🤑
笑脸	🤗
笑脸	🤭
笑脸	🫢
笑脸	🫣
笑脸	🤫
笑脸	🤔
笑脸	🫡
笑脸	🤐
笑脸	🤨
笑脸	😐
笑脸	😑
笑脸	😶
笑脸	🫥
笑脸	😶‍🌫️
笑脸	😏
笑脸	😒
笑脸	🙄
笑脸	😬
笑脸	😮‍💨
笑脸	🤥
笑脸	🫨
笑脸	🙂‍↔️
笑脸	🙂‍↕️
笑脸	😌
笑脸	😔
笑脸	😪
笑脸	🤤
笑脸	😴
笑脸	🫩
笑脸	😷
笑脸	🤒
笑脸	🤕
笑脸	🤢
笑脸	🤮
笑脸	🤧
笑脸	🥵
笑脸	🥶
笑脸	🥴
笑脸	😵
笑脸	😵‍💫
笑脸	🤯
笑脸	🤠
笑脸	🥳
笑脸	🥸
笑脸	😎
笑脸	🤓
笑脸	🧐
笑脸	😕
笑脸	🫤
笑脸	😟
笑脸	🙁
笑脸	☹️
笑脸	😮
笑脸	😯
笑脸	😲
笑脸	😳
笑脸	🫪
笑脸	🥺
笑脸	🥹
笑脸	😦
笑脸	😧
笑脸	😨
笑脸	😰
笑脸	😥
笑脸	😢
笑脸	😭
笑脸	😱
笑脸	😖
笑脸	😣
笑脸	😞
笑脸	😓
笑脸	😩
笑脸	😫
笑脸	🥱
笑脸	😤
笑脸	😡
笑脸	😠
笑脸	🤬
笑脸	😈
笑脸	👿
笑脸	💀
笑脸	☠️
笑脸	💩
笑脸	🤡
笑脸	👹
笑脸	👺
笑脸	👻
笑脸	👽
笑脸	👾
笑脸	🤖
笑脸	😺
笑脸	😸
笑脸	😹
笑脸	😻
笑脸	😼
笑脸	😽
笑脸	🙀
笑脸	😿
笑脸	😾
笑脸	🙈
笑脸	🙉
笑脸	🙊
笑脸	💌
笑脸	💘
笑脸	💝
笑脸	💖
笑脸	💗
笑脸	💓
笑脸	💞
笑脸	💕
笑脸	💟
笑脸	❣️
笑脸	💔
笑脸	❤️‍🔥
笑脸	❤️‍🩹
笑脸	❤️
笑脸	🩷
笑脸	🧡
笑脸	💛
笑脸	💚
笑脸	💙
笑脸	🩵
笑脸	💜
笑脸	🤎
笑脸	🖤
笑脸	🩶
笑脸	🤍
笑脸	💋
笑脸	💯
笑脸	💢
笑脸	🫯
笑脸	💥
笑脸	💫
笑脸	💦
笑脸	💨
笑脸	🕳️
笑脸	💬
笑脸	👁️‍🗨️
笑脸	🗨️
笑脸	🗯️
笑脸	💭
笑脸	💤
人物/手势	👋
人物/手势	🤚
人物/手势	🖐️
人物/手势	✋
人物/手势	🖖
人物/手势	🫱
人物/手势	🫲
人物/手势	🫳
人物/手势	🫴
人物/手势	🫷
人物/手势	🫸
人物/手势	👌
人物/手势	🤌
人物/手势	🤏
人物/手势	✌️
人物/手势	🤞
人物/手势	🫰
人物/手势	🤟
人物/手势	🤘
人物/手势	🤙
人物/手势	👈
人物/手势	👉
人物/手势	👆
人物/手势	🖕
人物/手势	👇
人物/手势	☝️
人物/手势	🫵
人物/手势	👍
人物/手势	👎
人物/手势	🫹
人物/手势	🫺
人物/手势	✊
人物/手势	👊
人物/手势	🤛
人物/手势	🤜
人物/手势	👏
人物/手势	🙌
人物/手势	🫶
人物/手势	👐
人物/手势	🤲
人物/手势	🤝
人物/手势	🙏
人物/手势	✍️
人物/手势	💅
人物/手势	🤳
人物/手势	💪
人物/手势	🦾
人物/手势	🦿
人物/手势	🦵
人物/手势	🦶
人物/手势	👂
人物/手势	🦻
人物/手势	👃
人物/手势	🧠
人物/手势	🫀
人物/手势	🫁
人物/手势	🦷
人物/手势	🦴
人物/手势	👀
人物/手势	👁️
人物/手势	👅
人物/手势	👄
人物/手势	🫦
人物/手势	👶
人物/手势	🧒
人物/手势	👦
人物/手势	👧
人物/手势	🧑
人物/手势	👱
人物/手势	👨
人物/手势	🧔
人物/手势	🧔‍♂️
人物/手势	🧔‍♀️
人物/手势	👩
人物/手势	👱‍♀️
人物/手势	👱‍♂️
人物/手势	🧓
人物/手势	👴
人物/手势	👵
人物/手势	🙍
人物/手势	🙍‍♂️
人物/手势	🙍‍♀️
人物/手势	🙎
人物/手势	🙎‍♂️
人物/手势	🙎‍♀️
人物/手势	🙅
人物/手势	🙅‍♂️
人物/手势	🙅‍♀️
人物/手势	🙆
人物/手势	🙆‍♂️
人物/手势	🙆‍♀️
人物/手势	💁
人物/手势	💁‍♂️
人物/手势	💁‍♀️
人物/手势	🙋
人物/手势	🙋‍♂️
人物/手势	🙋‍♀️
人物/手势	🧏
人物/手势	🧏‍♂️
人物/手势	🧏‍♀️
人物/手势	🙇
人物/手势	🙇‍♂️
人物/手势	🙇‍♀️
人物/手势	🤦
人物/手势	🤦‍♂️
人物/手势	🤦‍♀️
人物/手势	🤷
人物/手势	🤷‍♂️
人物/手势	🤷‍♀️
人物/手势	🧑‍⚕️
人物/手势	👨‍⚕️
人物/手势	👩‍⚕️
人物/手势	🧑‍🎓
人物/手势	👨‍🎓
人物/手势	👩‍🎓
人物/手势	🧑‍🏫
人物/手势	👨‍🏫
人物/手势	👩‍🏫
人物/手势	🧑‍⚖️
人物/手势	👨‍⚖️
人物/手势	👩‍⚖️
人物/手势	🧑‍🌾
人物/手势	👨‍🌾
人物/手势	👩‍🌾
人物/手势	🧑‍🍳
人物/手势	👨‍🍳
人物/手势	👩‍🍳
人物/手势	🧑‍🔧
人物/手势	👨‍🔧
人物/手势	👩‍🔧
人物/手势	🧑‍🏭
人物/手势	👨‍🏭
人物/手势	👩‍🏭
人物/手势	🧑‍💼
人物/手势	👨‍💼
人物/手势	👩‍💼
人物/手势	🧑‍🔬
人物/手势	👨‍🔬
人物/手势	👩‍🔬
人物/手势	🧑‍💻
人物/手势	👨‍💻
人物/手势	👩‍💻
人物/手势	🧑‍🎤
人物/手势	👨‍🎤
人物/手势	👩‍🎤
人物/手势	🧑‍🎨
人物/手势	👨‍🎨
人物/手势	👩‍🎨
人物/手势	🧑‍✈️
人物/手势	👨‍✈️
人物/手势	👩‍✈️
人物/手势	🧑‍🚀
人物/手势	👨‍🚀
人物/手势	👩‍🚀
人物/手势	🧑‍🚒
人物/手势	👨‍🚒
人物/手势	👩‍🚒
人物/手势	👮
人物/手势	👮‍♂️
人物/手势	👮‍♀️
人物/手势	🕵️
人物/手势	🕵️‍♂️
人物/手势	🕵️‍♀️
人物/手势	💂
人物/手势	💂‍♂️
人物/手势	💂‍♀️
人物/手势	🥷
人物/手势	👷
人物/手势	👷‍♂️
人物/手势	👷‍♀️
人物/手势	🫅
人物/手势	🤴
人物/手势	👸
人物/手势	👳
人物/手势	👳‍♂️
人物/手势	👳‍♀️
人物/手势	👲
人物/手势	🧕
人物/手势	🤵
人物/手势	🤵‍♂️
人物/手势	🤵‍♀️
人物/手势	👰
人物/手势	👰‍♂️
人物/手势	👰‍♀️
人物/手势	🤰
人物/手势	🫃
人物/手势	🫄
人物/手势	🤱
人物/手势	👩‍🍼
人物/手势	👨‍🍼
人物/手势	🧑‍🍼
人物/手势	👼
人物/手势	🎅
人物/手势	🤶
人物/手势	🧑‍🎄
人物/手势	🦸
人物/手势	🦸‍♂️
人物/手势	🦸‍♀️
人物/手势	🦹
人物/手势	🦹‍♂️
人物/手势	🦹‍♀️
人物/手势	🧙
人物/手势	🧙‍♂️
人物/手势	🧙‍♀️
人物/手势	🧚
人物/手势	🧚‍♂️
人物/手势	🧚‍♀️
人物/手势	🧛
人物/手势	🧛‍♂️
人物/手势	🧛‍♀️
人物/手势	🧜
人物/手势	🧜‍♂️
人物/手势	🧜‍♀️
人物/手势	🧝
人物/手势	🧝‍♂️
人物/手势	🧝‍♀️
人物/手势	🧞
人物/手势	🧞‍♂️
人物/手势	🧞‍♀️
人物/手势	🧟
人物/手势	🧟‍♂️
人物/手势	🧟‍♀️
人物/手势	🧌
人物/手势	🫈
人物/手势	💆
人物/手势	💆‍♂️
人物/手势	💆‍♀️
人物/手势	💇
人物/手势	💇‍♂️
人物/手势	💇‍♀️
人物/手势	🚶
人物/手势	🚶‍♂️
人物/手势	🚶‍♀️
人物/手势	🚶‍➡️
人物/手势	🚶‍♀️‍➡️
人物/手势	🚶‍♂️‍➡️
人物/手势	🧍
人物/手势	🧍‍♂️
人物/手势	🧍‍♀️
人物/手势	🧎
人物/手势	🧎‍♂️
人物/手势	🧎‍♀️
人物/手势	🧎‍➡️
人物/手势	🧎‍♀️‍➡️
人物/手势	🧎‍♂️‍➡️
人物/手势	🧑‍🦯
人物/手势	🧑‍🦯‍➡️
人物/手势	👨‍🦯
人物/手势	👨‍🦯‍➡️
人物/手势	👩‍🦯
人物/手势	👩‍🦯‍➡️
人物/手势	🧑‍🦼
人物/手势	🧑‍🦼‍➡️
人物/手势	👨‍🦼
人物/手势	👨‍🦼‍➡️
人物/手势	👩‍🦼
人物/手势	👩‍🦼‍➡️
人物/手势	🧑‍🦽
人物/手势	🧑‍🦽‍➡️
人物/手势	👨‍🦽
人物/手势	👨‍🦽‍➡️
人物/手势	👩‍🦽
人物/手势	👩‍🦽‍➡️
人物/手势	🏃
人物/手势	🏃‍♂️
人物/手势	🏃‍♀️
人物/手势	🏃‍➡️
人物/手势	🏃‍♀️‍➡️
人物/手势	🏃‍♂️‍➡️
人物/手势	🧑‍🩰
人物/手势	💃
人物/手势	🕺
人物/手势	🕴️
人物/手势	👯
人物/手势	👯‍♂️
人物/手势	👯‍♀️
人物/手势	🧖
人物/手势	🧖‍♂️
人物/手势	🧖‍♀️
人物/手势	🧗
人物/手势	🧗‍♂️
人物/手势	🧗‍♀️
人物/手势	🤺
人物/手势	🏇
人物/手势	⛷️
人物/手势	🏂
人物/手势	🏌️
人物/手势	🏌️‍♂️
人物/手势	🏌️‍♀️
人物/手势	🏄
人物/手势	🏄‍♂️
人物/手势	🏄‍♀️
人物/手势	🚣
人物/手势	🚣‍♂️
人物/手势	🚣‍♀️
人物/手势	🏊
人物/手势	🏊‍♂️
人物/手势	🏊‍♀️
人物/手势	⛹️
人物/手势	⛹️‍♂️
人物/手势	⛹️‍♀️
人物/手势	🏋️
人物/手势	🏋️‍♂️
人物/手势	🏋️‍♀️
人物/手势	🚴
人物/手势	🚴‍♂️
人物/手势	🚴‍♀️
人物/手势	🚵
人物/手势	🚵‍♂️
人物/手势	🚵‍♀️
人物/手势	🤸
人物/手势	🤸‍♂️
人物/手势	🤸‍♀️
人物/手势	🤼
人物/手势	🤼‍♂️
人物/手势	🤼‍♀️
人物/手势	🤽
人物/手势	🤽‍♂️
人物/手势	🤽‍♀️
人物/手势	🤾
人物/手势	🤾‍♂️
人物/手势	🤾‍♀️
人物/手势	🤹
人物/手势	🤹‍♂️
人物/手势	🤹‍♀️
人物/手势	🧘
人物/手势	🧘‍♂️
人物/手势	🧘‍♀️
人物/手势	🛀
人物/手势	🛌
人物/手势	🧑‍🤝‍🧑
人物/手势	👭
人物/手势	👫
人物/手势	👬
人物/手势	💏
人物/手势	👩‍❤️‍💋‍👨
人物/手势	👨‍❤️‍💋‍👨
人物/手势	👩‍❤️‍💋‍👩
人物/手势	💑
人物/手势	👩‍❤️‍👨
人物/手势	👨‍❤️‍👨
人物/手势	👩‍❤️‍👩
人物/手势	👨‍👩‍👦
人物/手势	👨‍👩‍👧
人物/手势	👨‍👩‍👧‍👦
人物/手势	👨‍👩‍👦‍👦
人物/手势	👨‍👩‍👧‍👧
人物/手势	👨‍👨‍👦
人物/手势	👨‍👨‍👧
人物/手势	👨‍👨‍👧‍👦
人物/手势	👨‍👨‍👦‍👦
人物/手势	👨‍👨‍👧‍👧
人物/手势	👩‍👩‍👦
人物/手势	👩‍👩‍👧
人物/手势	👩‍👩‍👧‍👦
人物/手势	👩‍👩‍👦‍👦
人物/手势	👩‍👩‍👧‍👧
人物/手势	👨‍👦
人物/手势	👨‍👦‍👦
人物/手势	👨‍👧
人物/手势	👨‍👧‍👦
人物/手势	👨‍👧‍👧
人物/手势	👩‍👦
人物/手势	👩‍👦‍👦
人物/手势	👩‍👧
人物/手势	👩‍👧‍👦
人物/手势	👩‍👧‍👧
人物/手势	🗣️
人物/手势	👤
人物/手势	👥
人物/手势	🫂
人物/手势	👪
人物/手势	🧑‍🧑‍🧒
人物/手势	🧑‍🧑‍🧒‍🧒
人物/手势	🧑‍🧒
人物/手势	🧑‍🧒‍🧒
人物/手势	👣
人物/手势	🫆
动物/自然	🐵
动物/自然	🐒
动物/自然	🦍
动物/自然	🦧
动物/自然	🐶
动物/自然	🐕
动物/自然	🦮
动物/自然	🐕‍🦺
动物/自然	🐩
动物/自然	🐺
动物/自然	🦊
动物/自然	🦝
动物/自然	🐱
动物/自然	🐈
动物/自然	🐈‍⬛
动物/自然	🦁
动物/自然	🐯
动物/自然	🐅
动物/自然	🐆
动物/自然	🐴
动物/自然	🫎
动物/自然	🫏
动物/自然	🐎
动物/自然	🦄
动物/自然	🦓
动物/自然	🦌
动物/自然	🦬
动物/自然	🐮
动物/自然	🐂
动物/自然	🐃
动物/自然	🐄
动物/自然	🐷
动物/自然	🐖
动物/自然	🐗
动物/自然	🐽
动物/自然	🐏
动物/自然	🐑
动物/自然	🐐
动物/自然	🐪
动物/自然	🐫
动物/自然	🦙
动物/自然	🦒
动物/自然	🐘
动物/自然	🦣
动物/自然	🦏
动物/自然	🦛
动物/自然	🐭
动物/自然	🐁
动物/自然	🐀
动物/自然	🐹
动物/自然	🐰
动物/自然	🐇
动物/自然	🐿️
动物/自然	🦫
动物/自然	🦔
动物/自然	🦇
动物/自然	🐻
动物/自然	🐻‍❄️
动物/自然	🐨
动物/自然	🐼
动物/自然	🦥
动物/自然	🦦
动物/自然	🦨
动物/自然	🦘
动物/自然	🦡
动物/自然	🐾
动物/自然	🦃
动物/自然	🐔
动物/自然	🐓
动物/自然	🐣
动物/自然	🐤
动物/自然	🐥
动物/自然	🐦
动物/自然	🐧
动物/自然	🕊️
动物/自然	🦅
动物/自然	🦆
动物/自然	🦢
动物/自然	🦉
动物/自然	🦤
动物/自然	🪶
动物/自然	🦩
动物/自然	🦚
动物/自然	🦜
动物/自然	🪽
动物/自然	🐦‍⬛
动物/自然	🪿
动物/自然	🐦‍🔥
动物/自然	🐸
动物/自然	🐊
动物/自然	🐢
动物/自然	🦎
动物/自然	🐍
动物/自然	🐲
动物/自然	🐉
动物/自然	🦕
动物/自然	🦖
动物/自然	🐳
动物/自然	🐋
动物/自然	🐬
动物/自然	🫍
动物/自然	🦭
动物/自然	🐟
动物/自然	🐠
动物/自然	🐡
动物/自然	🦈
动物/自然	🐙
动物/自然	🐚
动物/自然	🪸
动物/自然	🪼
动物/自然	🦀
动物/自然	🦞
动物/自然	🦐
动物/自然	🦑
动物/自然	🦪
动物/自然	🐌
动物/自然	🦋
动物/自然	🫌
动物/自然	🐛
动物/自然	🐜
动物/自然	🐝
动物/自然	🪲
动物/自然	🐞
动物/自然	🦗
动物/自然	🪳
动物/自然	🕷️
动物/自然	🕸️
动物/自然	🦂
动物/自然	🦟
动物/自然	🪰
动物/自然	🪱
动物/自然	🦠
动物/自然	💐
动物/自然	🌸
动物/自然	💮
动物/自然	🪷
动物/自然	🏵️
动物/自然	🌹
动物/自然	🥀
动物/自然	🌺
动物/自然	🌻
动物/自然	🌼
动物/自然	🌷
动物/自然	🪻
动物/自然	🌱
动物/自然	🪴
动物/自然	🌲
动物/自然	🌳
动物/自然	🌴
动物/自然	🌵
动物/自然	🌾
动物/自然	🌿
动物/自然	☘️
动物/自然	🍀
动物/自然	🍁
动物/自然	🍂
动物/自然	🍃
动物/自然	🪹
动物/自然	🪺
动物/自然	🍄
动物/自然	🪾
食物/饮品	🍇
食物/饮品	🍈
食物/饮品	🍉
食物/饮品	🍊
食物/饮品	🍋
食物/饮品	🍋‍🟩
食物/饮品	🍌
食物/饮品	🍍
食物/饮品	🥭
食物/饮品	🍎
食物/饮品	🍏
食物/饮品	🍐
食物/饮品	🍑
食物/饮品	🍒
食物/饮品	🍓
食物/饮品	🫐
食物/饮品	🥝
食物/饮品	🍅
食物/饮品	🫒
食物/饮品	🥥
食物/饮品	🥑
食物/饮品	🍆
食物/饮品	🥔
食物/饮品	🥕
食物/饮品	🌽
食物/饮品	🌶️
食物/饮品	🫑
食物/饮品	🥒
食物/饮品	🫝
食物/饮品	🥬
食物/饮品	🥦
食物/饮品	🧄
食物/饮品	🧅
食物/饮品	🥜
食物/饮品	🫘
食物/饮品	🌰
食物/饮品	🫚
食物/饮品	🫛
食物/饮品	🍄‍🟫
食物/饮品	🫜
食物/饮品	🍞
食物/饮品	🥐
食物/饮品	🥖
食物/饮品	🫓
食物/饮品	🥨
食物/饮品	🥯
食物/饮品	🥞
食物/饮品	🧇
食物/饮品	🧀
食物/饮品	🍖
食物/饮品	🍗
食物/饮品	🥩
食物/饮品	🥓
食物/饮品	🍔
食物/饮品	🍟
食物/饮品	🍕
食物/饮品	🌭
食物/饮品	🥪
食物/饮品	🌮
食物/饮品	🌯
食物/饮品	🫔
食物/饮品	🥙
食物/饮品	🧆
食物/饮品	🥚
食物/饮品	🍳
食物/饮品	🥘
食物/饮品	🍲
食物/饮品	🫕
食物/饮品	🥣
食物/饮品	🥗
食物/饮品	🍿
食物/饮品	🧈
食物/饮品	🧂
食物/饮品	🥫
食物/饮品	🍱
食物/饮品	🍘
食物/饮品	🍙
食物/饮品	🍚
食物/饮品	🍛
食物/饮品	🍜
食物/饮品	🍝
食物/饮品	🍠
食物/饮品	🍢
食物/饮品	🍣
食物/饮品	🍤
食物/饮品	🍥
食物/饮品	🥮
食物/饮品	🍡
食物/饮品	🥟
食物/饮品	🥠
食物/饮品	🥡
食物/饮品	🍦
食物/饮品	🍧
食物/饮品	🍨
食物/饮品	🍩
食物/饮品	🍪
食物/饮品	🎂
食物/饮品	🍰
食物/饮品	🧁
食物/饮品	🥧
食物/饮品	🍫
食物/饮品	🍬
食物/饮品	🍭
食物/饮品	🍮
食物/饮品	🍯
食物/饮品	🍼
食物/饮品	🥛
食物/饮品	☕
食物/饮品	🫖
食物/饮品	🍵
食物/饮品	🍶
食物/饮品	🍾
食物/饮品	🍷
食物/饮品	🍸
食物/饮品	🍹
食物/饮品	🍺
食物/饮品	🍻
食物/饮品	🥂
食物/饮品	🥃
食物/饮品	🫗
食物/饮品	🥤
食物/饮品	🧋
食物/饮品	🧃
食物/饮品	🧉
食物/饮品	🧊
食物/饮品	🥢
食物/饮品	🍽️
食物/饮品	🍴
食物/饮品	🥄
食物/饮品	🔪
食物/饮品	🫙
食物/饮品	🏺
旅行/地点	🌍
旅行/地点	🌎
旅行/地点	🌏
旅行/地点	🌐
旅行/地点	🗺️
旅行/地点	🗾
旅行/地点	🧭
旅行/地点	🏔️
旅行/地点	⛰️
旅行/地点	🛘
旅行/地点	🌋
旅行/地点	🗻
旅行/地点	🏕️
旅行/地点	🏖️
旅行/地点	🏜️
旅行/地点	🏝️
旅行/地点	🏞️
旅行/地点	🏟️
旅行/地点	🏛️
旅行/地点	🏗️
旅行/地点	🧱
旅行/地点	🪨
旅行/地点	🪵
旅行/地点	🛖
旅行/地点	🏘️
旅行/地点	🏚️
旅行/地点	🏠
旅行/地点	🏡
旅行/地点	🏢
旅行/地点	🏣
旅行/地点	🏤
旅行/地点	🏥
旅行/地点	🏦
旅行/地点	🏨
旅行/地点	🏩
旅行/地点	🏪
旅行/地点	🏫
旅行/地点	🏬
旅行/地点	🏭
旅行/地点	🏯
旅行/地点	🏰
旅行/地点	💒
旅行/地点	🗼
旅行/地点	🗽
旅行/地点	⛪
旅行/地点	🕌
旅行/地点	🛕
旅行/地点	🕍
旅行/地点	⛩️
旅行/地点	🕋
旅行/地点	⛲
旅行/地点	⛺
旅行/地点	🌁
旅行/地点	🌃
旅行/地点	🏙️
旅行/地点	🌄
旅行/地点	🌅
旅行/地点	🌆
旅行/地点	🌇
旅行/地点	🌉
旅行/地点	♨️
旅行/地点	🎠
旅行/地点	🛝
旅行/地点	🎡
旅行/地点	🎢
旅行/地点	💈
旅行/地点	🎪
旅行/地点	🚂
旅行/地点	🚃
旅行/地点	🚄
旅行/地点	🚅
旅行/地点	🚆
旅行/地点	🚇
旅行/地点	🚈
旅行/地点	🚉
旅行/地点	🚊
旅行/地点	🚝
旅行/地点	🚞
旅行/地点	🚋
旅行/地点	🚌
旅行/地点	🚍
旅行/地点	🚎
旅行/地点	🚐
旅行/地点	🚑
旅行/地点	🚒
旅行/地点	🚓
旅行/地点	🚔
旅行/地点	🚕
旅行/地点	🚖
旅行/地点	🚗
旅行/地点	🚘
旅行/地点	🚙
旅行/地点	🛻
旅行/地点	🚚
旅行/地点	🚛
旅行/地点	🚜
旅行/地点	🏎️
旅行/地点	🏍️
旅行/地点	🛵
旅行/地点	🦽
旅行/地点	🦼
旅行/地点	🛺
旅行/地点	🚲
旅行/地点	🛴
旅行/地点	🛹
旅行/地点	🛼
旅行/地点	🚏
旅行/地点	🛣️
旅行/地点	🛤️
旅行/地点	🛢️
旅行/地点	⛽
旅行/地点	🛞
旅行/地点	🚨
旅行/地点	🚥
旅行/地点	🚦
旅行/地点	🛑
旅行/地点	🚧
旅行/地点	🛙
旅行/地点	⚓
旅行/地点	🛟
旅行/地点	⛵
旅行/地点	🛶
旅行/地点	🚤
旅行/地点	🛳️
旅行/地点	⛴️
旅行/地点	🛥️
旅行/地点	🚢
旅行/地点	✈️
旅行/地点	🛩️
旅行/地点	🛫
旅行/地点	🛬
旅行/地点	🪂
旅行/地点	💺
旅行/地点	🚁
旅行/地点	🚟
旅行/地点	🚠
旅行/地点	🚡
旅行/地点	🛰️
旅行/地点	🚀
旅行/地点	🛸
旅行/地点	🛎️
旅行/地点	🧳
旅行/地点	⌛
旅行/地点	⏳
旅行/地点	⌚
旅行/地点	⏰
旅行/地点	⏱️
旅行/地点	⏲️
旅行/地点	🕰️
旅行/地点	🕛
旅行/地点	🕧
旅行/地点	🕐
旅行/地点	🕜
旅行/地点	🕑
旅行/地点	🕝
旅行/地点	🕒
旅行/地点	🕞
旅行/地点	🕓
旅行/地点	🕟
旅行/地点	🕔
旅行/地点	🕠
旅行/地点	🕕
旅行/地点	🕡
旅行/地点	🕖
旅行/地点	🕢
旅行/地点	🕗
旅行/地点	🕣
旅行/地点	🕘
旅行/地点	🕤
旅行/地点	🕙
旅行/地点	🕥
旅行/地点	🕚
旅行/地点	🕦
旅行/地点	🌑
旅行/地点	🌒
旅行/地点	🌓
旅行/地点	🌔
旅行/地点	🌕
旅行/地点	🌖
旅行/地点	🌗
旅行/地点	🌘
旅行/地点	🌙
旅行/地点	🌚
旅行/地点	🌛
旅行/地点	🌜
旅行/地点	🌡️
旅行/地点	☀️
旅行/地点	🌝
旅行/地点	🌞
旅行/地点	🪐
旅行/地点	⭐
旅行/地点	🌟
旅行/地点	🌠
旅行/地点	🌌
旅行/地点	☁️
旅行/地点	⛅
旅行/地点	⛈️
旅行/地点	🌤️
旅行/地点	🌥️
旅行/地点	🌦️
旅行/地点	🌧️
旅行/地点	🌨️
旅行/地点	🌩️
旅行/地点	🌪️
旅行/地点	🌫️
旅行/地点	🌬️
旅行/地点	🌀
旅行/地点	🌈
旅行/地点	🌂
旅行/地点	☂️
旅行/地点	☔
旅行/地点	⛱️
旅行/地点	⚡
旅行/地点	❄️
旅行/地点	☃️
旅行/地点	⛄
旅行/地点	☄️
旅行/地点	🪋
旅行/地点	🔥
旅行/地点	💧
旅行/地点	🌊
活动	🎃
活动	🎄
活动	🎆
活动	🎇
活动	🧨
活动	✨
活动	🎈
活动	🎉
活动	🎊
活动	🎋
活动	🎍
活动	🎎
活动	🎏
活动	🎐
活动	🎑
活动	🧧
活动	🎀
活动	🎁
活动	🎗️
活动	🎟️
活动	🎫
活动	🎖️
活动	🏆
活动	🏅
活动	🥇
活动	🥈
活动	🥉
活动	⚽
活动	⚾
活动	🥎
活动	🏀
活动	🏐
活动	🏈
活动	🏉
活动	🎾
活动	🥏
活动	🎳
活动	🏏
活动	🏑
活动	🏒
活动	🥍
活动	🏓
活动	🏸
活动	🥊
活动	🥋
活动	🥅
活动	⛳
活动	⛸️
活动	🎣
活动	🤿
活动	🎽
活动	🎿
活动	🛷
活动	🥌
活动	🎯
活动	🪀
活动	🪁
活动	🔫
活动	🎱
活动	🔮
活动	🪄
活动	🎮
活动	🕹️
活动	🎰
活动	🎲
活动	🧩
活动	🧸
活动	🪅
活动	🪩
活动	🪆
活动	♠️
活动	♥️
活动	♦️
活动	♣️
活动	♟️
活动	🃏
活动	🀄
活动	🎴
活动	🎭
活动	🖼️
活动	🎨
活动	🧵
活动	🪡
活动	🧶
活动	🪢
物品	👓
物品	🕶️
物品	🥽
物品	🥼
物品	🦺
物品	👔
物品	👕
物品	👖
物品	🧣
物品	🧤
物品	🧥
物品	🧦
物品	👗
物品	👘
物品	🥻
物品	🩱
物品	🩲
物品	🩳
物品	👙
物品	👚
物品	🪭
物品	👛
物品	👜
物品	👝
物品	🛍️
物品	🎒
物品	🩴
物品	👞
物品	👟
物品	🥾
物品	🥿
物品	👠
物品	👡
物品	🩰
物品	👢
物品	🪮
物品	👑
物品	👒
物品	🎩
物品	🎓
物品	🧢
物品	🪖
物品	⛑️
物品	📿
物品	💄
物品	💍
物品	💎
物品	🔇
物品	🔈
物品	🔉
物品	🔊
物品	📢
物品	📣
物品	📯
物品	🔔
物品	🔕
物品	🎼
物品	🎵
物品	🎶
物品	🎙️
物品	🎚️
物品	🎛️
物品	🎤
物品	🎧
物品	📻
物品	🎷
物品	🎺
物品	🪊
物品	🪗
物品	🎸
物品	🎹
物品	🎻
物品	🪕
物品	🥁
物品	🪘
物品	🪇
物品	🪈
物品	🪉
物品	📱
物品	📲
物品	☎️
物品	📞
物品	📟
物品	📠
物品	🔋
物品	🪫
物品	🔌
物品	💻
物品	🖥️
物品	🖨️
物品	⌨️
物品	🖱️
物品	🖲️
物品	💽
物品	💾
物品	💿
物品	📀
物品	🧮
物品	🎥
物品	🎞️
物品	📽️
物品	🎬
物品	📺
物品	📷
物品	📸
物品	📹
物品	📼
物品	🔍
物品	🔎
物品	🕯️
物品	💡
物品	🔦
物品	🏮
物品	🪔
物品	📔
物品	📕
物品	📖
物品	📗
物品	📘
物品	📙
物品	📚
物品	📓
物品	📒
物品	📃
物品	📜
物品	📄
物品	📰
物品	🗞️
物品	📑
物品	🔖
物品	🏷️
物品	🪙
物品	💰
物品	🪎
物品	💴
物品	💵
物品	💶
物品	💷
物品	💸
物品	💳
物品	🧾
物品	💹
物品	✉️
物品	📧
物品	📨
物品	📩
物品	📤
物品	📥
物品	📦
物品	📫
物品	📪
物品	📬
物品	📭
物品	📮
物品	🗳️
物品	✏️
物品	✒️
物品	🖋️
物品	🖊️
物品	🖌️
物品	🖍️
物品	📝
物品	🪌
物品	💼
物品	📁
物品	📂
物品	🗂️
物品	📅
物品	📆
物品	🗒️
物品	🗓️
物品	📇
物品	📈
物品	📉
物品	📊
物品	📋
物品	📌
物品	📍
物品	📎
物品	🖇️
物品	📏
物品	📐
物品	✂️
物品	🗃️
物品	🗄️
物品	🗑️
物品	🔒
物品	🔓
物品	🔏
物品	🔐
物品	🔑
物品	🗝️
物品	🪍
物品	🔨
物品	🪓
物品	⛏️
物品	⚒️
物品	🛠️
物品	🗡️
物品	⚔️
物品	💣
物品	🪃
物品	🏹
物品	🛡️
物品	🪚
物品	🔧
物品	🪛
物品	🔩
物品	⚙️
物品	🗜️
物品	⚖️
物品	🦯
物品	🔗
物品	⛓️‍💥
物品	⛓️
物品	🪝
物品	🧰
物品	🧲
物品	🪜
物品	🪏
物品	⚗️
物品	🧪
物品	🧫
物品	🧬
物品	🔬
物品	🔭
物品	📡
物品	💉
物品	🩸
物品	💊
物品	🩹
物品	🩼
物品	🩺
物品	🩻
物品	🚪
物品	🛗
物品	🪞
物品	🪟
物品	🛏️
物品	🛋️
物品	🪑
物品	🚽
物品	🪠
物品	🚿
物品	🛁
物品	🪤
物品	🪒
物品	🧴
物品	🧷
物品	🧹
物品	🧺
物品	🧻
物品	🪣
物品	🧼
物品	🫧
物品	🪥
物品	🧽
物品	🧯
物品	🛒
物品	🚬
物品	⚰️
物品	🪦
物品	⚱️
物品	🧿
物品	🪬
物品	🗿
物品	🪧
物品	🪪
符号	🏧
符号	🚮
符号	🚰
符号	♿
符号	🚹
符号	🚺
符号	🚻
符号	🚼
符号	🚾
符号	🛂
符号	🛃
符号	🛄
符号	🛅
符号	⚠️
符号	🚸
符号	⛔
符号	🚫
符号	🚳
符号	🚭
符号	🚯
符号	🚱
符号	🚷
符号	📵
符号	🔞
符号	☢️
符号	☣️
符号	⬆️
符号	↗️
符号	➡️
符号	↘️
符号	⬇️
符号	↙️
符号	⬅️
符号	↖️
符号	↕️
符号	↔️
符号	↩️
符号	↪️
符号	⤴️
符号	⤵️
符号	🔃
符号	🔄
符号	🔙
符号	🔚
符号	🔛
符号	🔜
符号	🔝
符号	🛐
符号	⚛️
符号	🕉️
符号	✡️
符号	☸️
符号	☯️
符号	✝️
符号	☦️
符号	☪️
符号	☮️
符号	🕎
符号	🔯
符号	🪯
符号	♈
符号	♉
符号	♊
符号	♋
符号	♌
符号	♍
符号	♎
符号	♏
符号	♐
符号	♑
符号	♒
符号	♓
符号	⛎
符号	🔀
符号	🔁
符号	🔂
符号	▶️
符号	⏩
符号	⏭️
符号	⏯️
符号	◀️
符号	⏪
符号	⏮️
符号	🔼
符号	⏫
符号	🔽
符号	⏬
符号	⏸️
符号	⏹️
符号	⏺️
符号	⏏️
符号	🎦
符号	🔅
符号	🔆
符号	📶
符号	🛜
符号	📳
符号	📴
符号	♀️
符号	♂️
符号	⚧️
符号	✖️
符号	➕
符号	➖
符号	➗
符号	🟰
符号	♾️
符号	‼️
符号	⁉️
符号	❓
符号	❔
符号	❕
符号	❗
符号	〰️
符号	💱
符号	💲
符号	⚕️
符号	♻️
符号	⚜️
符号	🔱
符号	📛
符号	🔰
符号	⭕
符号	✅
符号	☑️
符号	✔️
符号	❌
符号	❎
符号	➰
符号	➿
符号	〽️
符号	✳️
符号	✴️
符号	❇️
符号	©️
符号	®️
符号	™️
符号	🫟
符号	#️⃣
符号	*️⃣
符号	0️⃣
符号	1️⃣
符号	2️⃣
符号	3️⃣
符号	4️⃣
符号	5️⃣
符号	6️⃣
符号	7️⃣
符号	8️⃣
符号	9️⃣
符号	🔟
符号	🔠
符号	🔡
符号	🔢
符号	🔣
符号	🔤
符号	🅰️
符号	🆎
符号	🅱️
符号	🆑
符号	🆒
符号	🆓
符号	ℹ️
符号	🆔
符号	Ⓜ️
符号	🆕
符号	🆖
符号	🅾️
符号	🆗
符号	🅿️
符号	🆘
符号	🆙
符号	🆚
符号	🈁
符号	🈂️
符号	🈷️
符号	🈶
符号	🈯
符号	🉐
符号	🈹
符号	🈚
符号	🈲
符号	🉑
符号	🈸
符号	🈴
符号	🈳
符号	㊗️
符号	㊙️
符号	🈺
符号	🈵
符号	🔴
符号	🟠
符号	🟡
符号	🟢
符号	🔵
符号	🟣
符号	🟤
符号	⚫
符号	⚪
符号	🟥
符号	🟧
符号	🟨
符号	🟩
符号	🟦
符号	🟪
符号	🟫
符号	⬛
符号	⬜
符号	◼️
符号	◻️
符号	◾
符号	◽
符号	▪️
符号	▫️
符号	🔶
符号	🔷
符号	🔸
符号	🔹
符号	🔺
符号	🔻
符号	💠
符号	🔘
符号	🔳
符号	🔲
旗帜	🏁
旗帜	🚩
旗帜	🎌
旗帜	🏴
旗帜	🏳️
旗帜	🏳️‍🌈
旗帜	🏳️‍⚧️
旗帜	🏴‍☠️
旗帜	🇦🇨
旗帜	🇦🇩
旗帜	🇦🇪
旗帜	🇦🇫
旗帜	🇦🇬
旗帜	🇦🇮
旗帜	🇦🇱
旗帜	🇦🇲
旗帜	🇦🇴
旗帜	🇦🇶
旗帜	🇦🇷
旗帜	🇦🇸
旗帜	🇦🇹
旗帜	🇦🇺
旗帜	🇦🇼
旗帜	🇦🇽
旗帜	🇦🇿
旗帜	🇧🇦
旗帜	🇧🇧
旗帜	🇧🇩
旗帜	🇧🇪
旗帜	🇧🇫
旗帜	🇧🇬
旗帜	🇧🇭
旗帜	🇧🇮
旗帜	🇧🇯
旗帜	🇧🇱
旗帜	🇧🇲
旗帜	🇧🇳
旗帜	🇧🇴
旗帜	🇧🇶
旗帜	🇧🇷
旗帜	🇧🇸
旗帜	🇧🇹
旗帜	🇧🇻
旗帜	🇧🇼
旗帜	🇧🇾
旗帜	🇧🇿
旗帜	🇨🇦
旗帜	🇨🇨
旗帜	🇨🇩
旗帜	🇨🇫
旗帜	🇨🇬
旗帜	🇨🇭
旗帜	🇨🇮
旗帜	🇨🇰
旗帜	🇨🇱
旗帜	🇨🇲
旗帜	🇨🇳
旗帜	🇨🇴
旗帜	🇨🇵
旗帜	🇨🇶
旗帜	🇨🇷
旗帜	🇨🇺
旗帜	🇨🇻
旗帜	🇨🇼
旗帜	🇨🇽
旗帜	🇨🇾
旗帜	🇨🇿
旗帜	🇩🇪
旗帜	🇩🇬
旗帜	🇩🇯
旗帜	🇩🇰
旗帜	🇩🇲
旗帜	🇩🇴
旗帜	🇩🇿
旗帜	🇪🇦
旗帜	🇪🇨
旗帜	🇪🇪
旗帜	🇪🇬
旗帜	🇪🇭
旗帜	🇪🇷
旗帜	🇪🇸
旗帜	🇪🇹
旗帜	🇪🇺
旗帜	🇫🇮
旗帜	🇫🇯
旗帜	🇫🇰
旗帜	🇫🇲
旗帜	🇫🇴
旗帜	🇫🇷
旗帜	🇬🇦
旗帜	🇬🇧
旗帜	🇬🇩
旗帜	🇬🇪
旗帜	🇬🇫
旗帜	🇬🇬
旗帜	🇬🇭
旗帜	🇬🇮
旗帜	🇬🇱
旗帜	🇬🇲
旗帜	🇬🇳
旗帜	🇬🇵
旗帜	🇬🇶
旗帜	🇬🇷
旗帜	🇬🇸
旗帜	🇬🇹
旗帜	🇬🇺
旗帜	🇬🇼
旗帜	🇬🇾
旗帜	🇭🇰
旗帜	🇭🇲
旗帜	🇭🇳
旗帜	🇭🇷
旗帜	🇭🇹
旗帜	🇭🇺
旗帜	🇮🇨
旗帜	🇮🇩
旗帜	🇮🇪
旗帜	🇮🇱
旗帜	🇮🇲
旗帜	🇮🇳
旗帜	🇮🇴
旗帜	🇮🇶
旗帜	🇮🇷
旗帜	🇮🇸
旗帜	🇮🇹
旗帜	🇯🇪
旗帜	🇯🇲
旗帜	🇯🇴
旗帜	🇯🇵
旗帜	🇰🇪
旗帜	🇰🇬
旗帜	🇰🇭
旗帜	🇰🇮
旗帜	🇰🇲
旗帜	🇰🇳
旗帜	🇰🇵
旗帜	🇰🇷
旗帜	🇰🇼
旗帜	🇰🇾
旗帜	🇰🇿
旗帜	🇱🇦
旗帜	🇱🇧
旗帜	🇱🇨
旗帜	🇱🇮
旗帜	🇱🇰
旗帜	🇱🇷
旗帜	🇱🇸
旗帜	🇱🇹
旗帜	🇱🇺
旗帜	🇱🇻
旗帜	🇱🇾
旗帜	🇲🇦
旗帜	🇲🇨
旗帜	🇲🇩
旗帜	🇲🇪
旗帜	🇲🇫
旗帜	🇲🇬
旗帜	🇲🇭
旗帜	🇲🇰
旗帜	🇲🇱
旗帜	🇲🇲
旗帜	🇲🇳
旗帜	🇲🇴
旗帜	🇲🇵
旗帜	🇲🇶
旗帜	🇲🇷
旗帜	🇲🇸
旗帜	🇲🇹
旗帜	🇲🇺
旗帜	🇲🇻
旗帜	🇲🇼
旗帜	🇲🇽
旗帜	🇲🇾
旗帜	🇲🇿
旗帜	🇳🇦
旗帜	🇳🇨
旗帜	🇳🇪
旗帜	🇳🇫
旗帜	🇳🇬
旗帜	🇳🇮
旗帜	🇳🇱
旗帜	🇳🇴
旗帜	🇳🇵
旗帜	🇳🇷
旗帜	🇳🇺
旗帜	🇳🇿
旗帜	🇴🇲
旗帜	🇵🇦
旗帜	🇵🇪
旗帜	🇵🇫
旗帜	🇵🇬
旗帜	🇵🇭
旗帜	🇵🇰
旗帜	🇵🇱
旗帜	🇵🇲
旗帜	🇵🇳
旗帜	🇵🇷
旗帜	🇵🇸
旗帜	🇵🇹
旗帜	🇵🇼
旗帜	🇵🇾
旗帜	🇶🇦
旗帜	🇷🇪
旗帜	🇷🇴
旗帜	🇷🇸
旗帜	🇷🇺
旗帜	🇷🇼
旗帜	🇸🇦
旗帜	🇸🇧
旗帜	🇸🇨
旗帜	🇸🇩
旗帜	🇸🇪
旗帜	🇸🇬
旗帜	🇸🇭
旗帜	🇸🇮
旗帜	🇸🇯
旗帜	🇸🇰
旗帜	🇸🇱
旗帜	🇸🇲
旗帜	🇸🇳
旗帜	🇸🇴
旗帜	🇸🇷
旗帜	🇸🇸
旗帜	🇸🇹
旗帜	🇸🇻
旗帜	🇸🇽
旗帜	🇸🇾
旗帜	🇸🇿
旗帜	🇹🇦
旗帜	🇹🇨
旗帜	🇹🇩
旗帜	🇹🇫
旗帜	🇹🇬
旗帜	🇹🇭
旗帜	🇹🇯
旗帜	🇹🇰
旗帜	🇹🇱
旗帜	🇹🇲
旗帜	🇹🇳
旗帜	🇹🇴
旗帜	🇹🇷
旗帜	🇹🇹
旗帜	🇹🇻
旗帜	🇹🇼
旗帜	🇹🇿
旗帜	🇺🇦
旗帜	🇺🇬
旗帜	🇺🇲
旗帜	🇺🇳
旗帜	🇺🇸
旗帜	🇺🇾
旗帜	🇺🇿
旗帜	🇻🇦
旗帜	🇻🇨
旗帜	🇻🇪
旗帜	🇻🇬
旗帜	🇻🇮
旗帜	🇻🇳
旗帜	🇻🇺
旗帜	🇼🇫
旗帜	🇼🇸
旗帜	🇽🇰
旗帜	🇾🇪
旗帜	🇾🇹
旗帜	🇿🇦
旗帜	🇿🇲
旗帜	🇿🇼
旗帜	🏴󠁧󠁢󠁥󠁮󠁧󠁿
旗帜	🏴󠁧󠁢󠁳󠁣󠁴󠁿
旗帜	🏴󠁧󠁢󠁷󠁬󠁳󠁿
